"DB","DB","DB","DB","DB","DB","GB","GB","GB","GB","GB","GB","HB","HB","HB","HB","HB","HB","HB","OO the A"
"L EA","L EA","L EA","L EA","L EA","L EA","L EA","L EA","L EB","L EB","L EB","L EB","L EB","L EB","L EB","L EB","L DJ","L DJ","M GA","M GA"
"KK EC","KK EC","KK EC","KK EC","KK EC","KK EC","KK DB","KK DB","KK DB","KK DB","KK DB","KK DB","KK FA","KK FA","KK FA","KK FA","KK FA","KK FA","KK the HJ","KK the HJ"
"M DA","M DA","M DA","M DA","M DA","M DA","L DB","L DB","L DB","L DB","L DB","L DB","L ED","L ED","L ED","L ED","NO the G","NO the G","NO the G","NO the G"
"NN","NN","NN","NN","NN","NN","NN","NN","NO","NO","NO","NO","NN the C","NN the C","NN the C","NN the C","NO the G","NO the G","NO the G","NO the G"
"L HC","L HC","L HC","M HC","M HC","M HC","L CB","L CB","L CB","M CB","M CB","M CB","L KK","L KK","M KK","M KK","I M the J","I M the J","I M the J","I M the J"
"BA","BA","BA","BA","BA","BA","BA","GA","GA","GA","GA","GA","GA","GA","IJ","IJ","IJ","KN IB","KN IB","KN IB"
"NN GJ","NN GJ","NN GJ","NN GJ","NN GJ","NN GJ","NN GJ","NN GJ","NN CA","NN CA","NN CA","NN CA","NN CA","NN CA","NN CA","NN HA","NN HA","NN HA","NN HA","NN the IJ","NN the IJ","NN the IJ","NN the IJ"
"M HF","M HF","M HF","M HF","M HF","L EC","L EC","L EC","L EC","L EC","L DF","L DF","L DF","L DF","L DF","M EF","M EF","M EF","M EF","M EF"
"FB","FB","FB","FB","FB","GF","GF","GF","GF","GF","HF","HF","HF","HF","HF","DF","DF","DF","DF","DF"
"OO","OO","OO","OO","OO","OO","OO","OO","OO EB","OO EB","OO EB","OO EB","OO FA","OO FA","OO FA","OO FA","OO DC","OO DC","OO DC","OO DC"
"KO","KO","KO","KO","HJ","HJ","HJ","HJ","HJ","HJ","M's GC","M's GC","M's GC","M's GC","M's GC","EC X","EC X","EC X","EC X","EC X"
